{
  "name": "Clothes",
  "version": "1.0.0",
  "styleFileList": [],
  "scriptFileList": [],
  "tweeFileList": [],
  "additionFile": [
    "img/clothes/lower/niuzaibeidaiku/使用须知.txt"
  ],
  "imgFileList": [
    "img/clothes/belly/belly_mask.png",
    "img/clothes/belly/belly_mask_lower_shadow.png",
    "img/clothes/belly/belly_mask_lower_shadow_2.png",
    "img/clothes/belly/belly_mask_lower_shadow_3.png",
    "img/clothes/belly/belly_mask_upper_shadow.png",
    "img/clothes/belly/belly_mask_upper_shadow_2.png",
    "img/clothes/belly/mask_15.png",
    "img/clothes/belly/mask_16.png",
    "img/clothes/belly/mask_17.png",
    "img/clothes/belly/mask_18.png",
    "img/clothes/belly/mask_19.png",
    "img/clothes/belly/mask_20.png",
    "img/clothes/belly/mask_21.png",
    "img/clothes/belly/mask_22.png",
    "img/clothes/belly/mask_23.png",
    "img/clothes/belly/mask_24.png",
    "img/clothes/belly/mask_clip_15.png",
    "img/clothes/belly/mask_clip_16.png",
    "img/clothes/belly/mask_clip_17.png",
    "img/clothes/belly/mask_clip_18.png",
    "img/clothes/belly/mask_clip_19.png",
    "img/clothes/belly/mask_clip_20.png",
    "img/clothes/belly/mask_clip_21.png",
    "img/clothes/belly/mask_clip_22.png",
    "img/clothes/belly/mask_clip_23.png",
    "img/clothes/belly/mask_clip_24.png",
    "img/clothes/belly/mask_min_15.png",
    "img/clothes/belly/mask_min_16.png",
    "img/clothes/belly/mask_min_17.png",
    "img/clothes/belly/mask_min_18.png",
    "img/clothes/belly/mask_min_19.png",
    "img/clothes/belly/mask_min_20.png",
    "img/clothes/belly/mask_min_21.png",
    "img/clothes/belly/mask_min_22.png",
    "img/clothes/belly/mask_min_23.png",
    "img/clothes/belly/mask_min_24.png",
    "img/clothes/belly/mask_shirt_left.png",
    "img/clothes/belly/mask_shirt_right.png",
    "img/clothes/belly/shadow_10.png",
    "img/clothes/belly/shadow_11.png",
    "img/clothes/belly/shadow_12.png",
    "img/clothes/belly/shadow_13.png",
    "img/clothes/belly/shadow_14.png",
    "img/clothes/belly/shadow_15.png",
    "img/clothes/belly/shadow_16.png",
    "img/clothes/belly/shadow_17.png",
    "img/clothes/belly/shadow_18.png",
    "img/clothes/belly/shadow_19.png",
    "img/clothes/belly/shadow_20.png",
    "img/clothes/belly/shadow_21.png",
    "img/clothes/belly/shadow_22.png",
    "img/clothes/belly/shadow_23.png",
    "img/clothes/belly/shadow_24.png",
    "img/clothes/belly/shadow_8.png",
    "img/clothes/belly/shadow_9.png",
    "img/clothes/face/cybereye/acc.png",
    "img/clothes/face/cybereye/full.png",
    "img/clothes/face/cybereye/full_gray.png",
    "img/clothes/face/danpian/full.png",
    "img/clothes/face/danpian/full_gray.png",
    "img/clothes/face/darktypecopperearrings/full.png",
    "img/clothes/face/jinsedanbianyanjing/full.png",
    "img/clothes/face/jinsedanbianyanjing/full_gray.png",
    "img/clothes/face/masquerade/frayed.png",
    "img/clothes/face/masquerade/full.png",
    "img/clothes/face/masquerade/tattered.png",
    "img/clothes/face/masquerade/torn.png",
    "img/clothes/face/verosika/full.png",
    "img/clothes/face/verosika/full_gray.png",
    "img/clothes/feet/acorn/full.png",
    "img/clothes/feet/Adventurer Shoes/full.png",
    "img/clothes/feet/Alice'sdreamshoes/full.png",
    "img/clothes/feet/ann_ann/full.png",
    "img/clothes/feet/budingxie/full.png",
    "img/clothes/feet/butterflyheels/full.png",
    "img/clothes/feet/butterflyheels/full_gray.png",
    "img/clothes/feet/duiduiwa/acc.png",
    "img/clothes/feet/duiduiwa/acc_gray.png",
    "img/clothes/feet/duiduiwa/full.png",
    "img/clothes/feet/Gothic boots/full.png",
    "img/clothes/feet/pixue/acc.png",
    "img/clothes/feet/pixue/acc_gray.png",
    "img/clothes/feet/pixue/full.png",
    "img/clothes/feet/pixue/full_gray.png",
    "img/clothes/feet/school uniform shoes/full.png",
    "img/clothes/feet/strap high heels/full.png",
    "img/clothes/feet/strap high heels/full_gray.png",
    "img/clothes/feet/strap high heels/alternative/full.png",
    "img/clothes/feet/strap high heels/alternative/full_gray.png",
    "img/clothes/feet/utahimeboots/full.png",
    "img/clothes/feet/verosika/acc.png",
    "img/clothes/feet/verosika/acc_gray.png",
    "img/clothes/feet/verosika/full.png",
    "img/clothes/feet/verosika/full_gray.png",
    "img/clothes/feet/zhiyeheels/full.png",
    "img/clothes/feet/zhiyeheels/full_gray.png",
    "img/clothes/hands/satingloves/left.png",
    "img/clothes/hands/satingloves/left_cover.png",
    "img/clothes/hands/satingloves/left_cover_gray.png",
    "img/clothes/hands/satingloves/left_gray.png",
    "img/clothes/hands/satingloves/right.png",
    "img/clothes/hands/satingloves/right_cover.png",
    "img/clothes/hands/satingloves/right_cover_gray.png",
    "img/clothes/hands/satingloves/right_gray.png",
    "img/clothes/hands/utahimesleeves/left.png",
    "img/clothes/hands/utahimesleeves/left_cover.png",
    "img/clothes/hands/utahimesleeves/right.png",
    "img/clothes/hands/utahimesleeves/right_cover.png",
    "img/clothes/hands/verosika/left.png",
    "img/clothes/hands/verosika/left_gray.png",
    "img/clothes/hands/verosika/right.png",
    "img/clothes/hands/verosika/right_gray.png",
    "img/clothes/hands/zhiyechangzhang/left.png",
    "img/clothes/hands/zhiyechangzhang/left_cover.png",
    "img/clothes/hands/zhiyechangzhang/right.png",
    "img/clothes/head/acorn/full.png",
    "img/clothes/head/acorn/mask.png",
    "img/clothes/head/Adventurer Hat/back.png",
    "img/clothes/head/Adventurer Hat/back_gray.png",
    "img/clothes/head/Adventurer Hat/full.png",
    "img/clothes/head/Adventurer Hat/full_gray.png",
    "img/clothes/head/Adventurer Hat/mask.png",
    "img/clothes/head/Alice'sdreambow/back.png",
    "img/clothes/head/Alice'sdreambow/back_gray.png",
    "img/clothes/head/Alice'sdreambow/full.png",
    "img/clothes/head/Alice'sdreambow/full_gray.png",
    "img/clothes/head/Alice'sdreambow/mask.png",
    "img/clothes/head/benubmaozi/full.png",
    "img/clothes/head/beret/full.png",
    "img/clothes/head/beret/full_gray.png",
    "img/clothes/head/beret/mask.png",
    "img/clothes/head/budingmao/back.png",
    "img/clothes/head/budingmao/full.png",
    "img/clothes/head/cloudhairclip/full.png",
    "img/clothes/head/cloudhairclip/full_gray.png",
    "img/clothes/head/daisy ep/full.png",
    "img/clothes/head/darktypehat/back.png",
    "img/clothes/head/darktypehat/full.png",
    "img/clothes/head/darktypehat/mask.png",
    "img/clothes/head/darktypetophat/back.png",
    "img/clothes/head/darktypetophat/full.png",
    "img/clothes/head/darktypetophat/mask.png",
    "img/clothes/head/darktypeumbrella/back.png",
    "img/clothes/head/darktypeumbrella/full.png",
    "img/clothes/head/dragonbreath veil/back.png",
    "img/clothes/head/dragonbreath veil/full.png",
    "img/clothes/head/goggles/acc_gray.png",
    "img/clothes/head/goggles/full.png",
    "img/clothes/head/honeycombhairclip/full.png",
    "img/clothes/head/honeycombhairclip/full_gray.png",
    "img/clothes/head/ivorywraith/full.png",
    "img/clothes/head/knitcap/acc_gray.png",
    "img/clothes/head/knitcap/full.png",
    "img/clothes/head/knitcap/mask.png",
    "img/clothes/head/pjsmask/acc.png",
    "img/clothes/head/pjsmask/full_gray.png",
    "img/clothes/head/rosie vow/back.png",
    "img/clothes/head/rosie vow/back_gray.png",
    "img/clothes/head/rosie vow/full.png",
    "img/clothes/head/rosie vow/mask.png",
    "img/clothes/head/spottedhairclip/full.png",
    "img/clothes/head/spottedhairclip/full_gray.png",
    "img/clothes/head/Supergamersuit/acc.png",
    "img/clothes/head/Supergamersuit/acc_down.png",
    "img/clothes/head/Supergamersuit/back.png",
    "img/clothes/head/Supergamersuit/full.png",
    "img/clothes/head/Supergamersuit/full_down.png",
    "img/clothes/head/Supergamersuit/mask.png",
    "img/clothes/head/Sweetsnowheaddress/full.png",
    "img/clothes/head/trufflehairclip/full.png",
    "img/clothes/head/trufflehairclip/full_gray.png",
    "img/clothes/head/verosika/full.png",
    "img/clothes/head/verosika/full_gray.png",
    "img/clothes/head/vintagegoggoles/frayed.png",
    "img/clothes/head/vintagegoggoles/full.png",
    "img/clothes/head/vintagegoggoles/tattered.png",
    "img/clothes/head/vintagegoggoles/torn.png",
    "img/clothes/head/whitneyplushie/full.png",
    "img/clothes/head/widebrimmedhat/acc.png",
    "img/clothes/head/widebrimmedhat/acc_gray.png",
    "img/clothes/head/widebrimmedhat/back.png",
    "img/clothes/head/widebrimmedhat/back_gray.png",
    "img/clothes/head/widebrimmedhat/full.png",
    "img/clothes/head/widebrimmedhat/full_gray.png",
    "img/clothes/head/widebrimmedhat/mask.png",
    "img/clothes/head/zhiyepifeng/back.png",
    "img/clothes/head/zhiyepifeng/full.png",
    "img/clothes/head/zhiyepifeng/mask.png",
    "img/clothes/legs/ann_dawn/acc.png",
    "img/clothes/legs/ann_dawn/full.png",
    "img/clothes/legs/ann_dawn/full_gray.png",
    "img/clothes/legs/zhiyestockings/full.png",
    "img/clothes/lower/acorn/frayed.png",
    "img/clothes/lower/acorn/full.png",
    "img/clothes/lower/acorn/tattered.png",
    "img/clothes/lower/acorn/torn.png",
    "img/clothes/lower/Alice'sdream/frayed.png",
    "img/clothes/lower/Alice'sdream/full.png",
    "img/clothes/lower/Alice'sdream/tattered.png",
    "img/clothes/lower/Alice'sdream/torn.png",
    "img/clothes/lower/ann_jiangming/acc.png",
    "img/clothes/lower/ann_jiangming/frayed.png",
    "img/clothes/lower/ann_jiangming/frayed_gray.png",
    "img/clothes/lower/ann_jiangming/full.png",
    "img/clothes/lower/ann_jiangming/full_gray.png",
    "img/clothes/lower/ann_jiangming/ful_gray.png",
    "img/clothes/lower/ann_jiangming/tattered.png",
    "img/clothes/lower/ann_jiangming/tattered_gray.png",
    "img/clothes/lower/ann_jiangming/torn.png",
    "img/clothes/lower/ann_jiangming/torn_gray.png",
    "img/clothes/lower/Baijinxiaochou/frayed.png",
    "img/clothes/lower/Baijinxiaochou/full.png",
    "img/clothes/lower/Baijinxiaochou/tattered.png",
    "img/clothes/lower/Baijinxiaochou/torn.png",
    "img/clothes/lower/budingshangyi bottom/frayed.png",
    "img/clothes/lower/budingshangyi bottom/full.png",
    "img/clothes/lower/budingshangyi bottom/tattered.png",
    "img/clothes/lower/budingshangyi bottom/torn.png",
    "img/clothes/lower/butterflyballgown/back.png",
    "img/clothes/lower/butterflyballgown/back_gray.png",
    "img/clothes/lower/butterflyballgown/frayed.png",
    "img/clothes/lower/butterflyballgown/frayed_gray.png",
    "img/clothes/lower/butterflyballgown/full.png",
    "img/clothes/lower/butterflyballgown/full_gray.png",
    "img/clothes/lower/butterflyballgown/tattered.png",
    "img/clothes/lower/butterflyballgown/tattered_gray.png",
    "img/clothes/lower/butterflyballgown/torn.png",
    "img/clothes/lower/butterflyballgown/torn_gray.png",
    "img/clothes/lower/Cargopants/acc_gray.png",
    "img/clothes/lower/Cargopants/frayed_gray.png",
    "img/clothes/lower/Cargopants/full_gray.png",
    "img/clothes/lower/Cargopants/tattered_gray.png",
    "img/clothes/lower/Cargopants/torn_gray.png",
    "img/clothes/lower/Daizi Elegant Rhyme/frayed.png",
    "img/clothes/lower/Daizi Elegant Rhyme/frayed_gray.png",
    "img/clothes/lower/Daizi Elegant Rhyme/full.png",
    "img/clothes/lower/Daizi Elegant Rhyme/full_gray.png",
    "img/clothes/lower/Daizi Elegant Rhyme/tattered.png",
    "img/clothes/lower/Daizi Elegant Rhyme/tattered_gray.png",
    "img/clothes/lower/Daizi Elegant Rhyme/torn.png",
    "img/clothes/lower/Daizi Elegant Rhyme/torn_gray.png",
    "img/clothes/lower/darktypevintagedress/frayed.png",
    "img/clothes/lower/darktypevintagedress/full.png",
    "img/clothes/lower/darktypevintagedress/tattered.png",
    "img/clothes/lower/darktypevintagedress/torn.png",
    "img/clothes/lower/dileixi/frayed.png",
    "img/clothes/lower/dileixi/full.png",
    "img/clothes/lower/dileixi/tattered.png",
    "img/clothes/lower/dileixi/torn.png",
    "img/clothes/lower/dragonbreath/acc_frayed.png",
    "img/clothes/lower/dragonbreath/acc_frayed_gray.png",
    "img/clothes/lower/dragonbreath/acc_full.png",
    "img/clothes/lower/dragonbreath/acc_full_gray.png",
    "img/clothes/lower/dragonbreath/acc_torn.png",
    "img/clothes/lower/dragonbreath/acc_torn_gray.png",
    "img/clothes/lower/dragonbreath/frayed.png",
    "img/clothes/lower/dragonbreath/frayed_gray.png",
    "img/clothes/lower/dragonbreath/full.png",
    "img/clothes/lower/dragonbreath/full_gray.png",
    "img/clothes/lower/dragonbreath/torn.png",
    "img/clothes/lower/dragonbreath/torn_gray.png",
    "img/clothes/lower/Elegant tuxedo/frayed.png",
    "img/clothes/lower/Elegant tuxedo/full.png",
    "img/clothes/lower/Elegant tuxedo/tattered.png",
    "img/clothes/lower/Elegant tuxedo/torn.png",
    "img/clothes/lower/furisode/back.png",
    "img/clothes/lower/furisode/back_gray.png",
    "img/clothes/lower/furisode/frayed.png",
    "img/clothes/lower/furisode/frayed_gray.png",
    "img/clothes/lower/furisode/full.png",
    "img/clothes/lower/furisode/full_gray.png",
    "img/clothes/lower/furisode/tattered.png",
    "img/clothes/lower/furisode/tattered_gray.png",
    "img/clothes/lower/furisode/torn.png",
    "img/clothes/lower/furisode/torn_gray.png",
    "img/clothes/lower/Gothic pumpkin/frayed_gray.png",
    "img/clothes/lower/Gothic pumpkin/full_gray.png",
    "img/clothes/lower/Gothic pumpkin/tattered_gray.png",
    "img/clothes/lower/Gothic pumpkin/torn_gray.png",
    "img/clothes/lower/kela thoughts/acc_frayed.png",
    "img/clothes/lower/kela thoughts/acc_full.png",
    "img/clothes/lower/kela thoughts/acc_tattered.png",
    "img/clothes/lower/kela thoughts/acc_torn.png",
    "img/clothes/lower/kela thoughts/frayed.png",
    "img/clothes/lower/kela thoughts/frayed_gray.png",
    "img/clothes/lower/kela thoughts/full.png",
    "img/clothes/lower/kela thoughts/full_gray.png",
    "img/clothes/lower/kela thoughts/tattered.png",
    "img/clothes/lower/kela thoughts/tattered_gray.png",
    "img/clothes/lower/kela thoughts/torn.png",
    "img/clothes/lower/kela thoughts/torn_gray.png",
    "img/clothes/lower/lily/back.png",
    "img/clothes/lower/lily/frayed.png",
    "img/clothes/lower/lily/full.png",
    "img/clothes/lower/lily/tattered.png",
    "img/clothes/lower/lily/torn.png",
    "img/clothes/lower/lime rose/frayed.png",
    "img/clothes/lower/lime rose/frayed_gray.png",
    "img/clothes/lower/lime rose/full.png",
    "img/clothes/lower/lime rose/full_gray.png",
    "img/clothes/lower/lime rose/tattered.png",
    "img/clothes/lower/lime rose/tattered_gray.png",
    "img/clothes/lower/lime rose/torn.png",
    "img/clothes/lower/lime rose/torn_gray.png",
    "img/clothes/lower/lime rose skirt/frayed.png",
    "img/clothes/lower/lime rose skirt/frayed_gray.png",
    "img/clothes/lower/lime rose skirt/full.png",
    "img/clothes/lower/lime rose skirt/full_gray.png",
    "img/clothes/lower/lime rose skirt/tattered.png",
    "img/clothes/lower/lime rose skirt/tattered_gray.png",
    "img/clothes/lower/lime rose skirt/torn.png",
    "img/clothes/lower/lime rose skirt/torn_gray.png",
    "img/clothes/lower/lime rose skirt/alt/frayed.png",
    "img/clothes/lower/lime rose skirt/alt/frayed_gray.png",
    "img/clothes/lower/lime rose skirt/alt/full.png",
    "img/clothes/lower/lime rose skirt/alt/full_gray.png",
    "img/clothes/lower/lime rose skirt/alt/tattered.png",
    "img/clothes/lower/lime rose skirt/alt/tattered_gray.png",
    "img/clothes/lower/lime rose skirt/alt/torn.png",
    "img/clothes/lower/lime rose skirt/alt/torn_gray.png",
    "img/clothes/lower/lolita maid/frayed.png",
    "img/clothes/lower/lolita maid/full.png",
    "img/clothes/lower/lolita maid/tattered.png",
    "img/clothes/lower/lolita maid/torn.png",
    "img/clothes/lower/merman/acc.png",
    "img/clothes/lower/merman/frayed.png",
    "img/clothes/lower/merman/frayed_gray.png",
    "img/clothes/lower/merman/full.png",
    "img/clothes/lower/merman/full_gray.png",
    "img/clothes/lower/merman/penis.png",
    "img/clothes/lower/merman/penis_gray.png",
    "img/clothes/lower/merman/tattered.png",
    "img/clothes/lower/merman/tattered_gray.png",
    "img/clothes/lower/merman/torn.png",
    "img/clothes/lower/merman/torn_gray.png",
    "img/clothes/lower/niuzaibeidaiku/0.png",
    "img/clothes/lower/niuzaibeidaiku/1.png",
    "img/clothes/lower/niuzaibeidaiku/2.png",
    "img/clothes/lower/niuzaibeidaiku/3.png",
    "img/clothes/lower/niuzaibeidaiku/4.png",
    "img/clothes/lower/niuzaibeidaiku/5.png",
    "img/clothes/lower/niuzaibeidaiku/6.png",
    "img/clothes/lower/niuzaibeidaiku/full.png",
    "img/clothes/lower/Peach Heart/frayed.png",
    "img/clothes/lower/Peach Heart/frayed_gray.png",
    "img/clothes/lower/Peach Heart/full.png",
    "img/clothes/lower/Peach Heart/full_gray.png",
    "img/clothes/lower/Peach Heart/tattered.png",
    "img/clothes/lower/Peach Heart/tattered_gray.png",
    "img/clothes/lower/Peach Heart/torn.png",
    "img/clothes/lower/Peach Heart/torn_gray.png",
    "img/clothes/lower/philippino/acc.png",
    "img/clothes/lower/philippino/acc_gray.png",
    "img/clothes/lower/philippino/frayed.png",
    "img/clothes/lower/philippino/frayed_gray.png",
    "img/clothes/lower/philippino/full.png",
    "img/clothes/lower/philippino/full_gray.png",
    "img/clothes/lower/philippino/tattered.png",
    "img/clothes/lower/philippino/tattered_gray.png",
    "img/clothes/lower/philippino/torn.png",
    "img/clothes/lower/philippino/torn_gray.png",
    "img/clothes/lower/Queen_of_Hearts_Dress/frayed.png",
    "img/clothes/lower/Queen_of_Hearts_Dress/full.png",
    "img/clothes/lower/Queen_of_Hearts_Dress/tattered.png",
    "img/clothes/lower/Queen_of_Hearts_Dress/torn.png",
    "img/clothes/lower/rosie vow/back.png",
    "img/clothes/lower/rosie vow/back_gray.png",
    "img/clothes/lower/rosie vow/frayed.png",
    "img/clothes/lower/rosie vow/full.png",
    "img/clothes/lower/rosie vow/tattered.png",
    "img/clothes/lower/rosie vow/torn.png",
    "img/clothes/lower/sakura lolita/acc.png",
    "img/clothes/lower/sakura lolita/frayed.png",
    "img/clothes/lower/sakura lolita/frayed_gray.png",
    "img/clothes/lower/sakura lolita/full.png",
    "img/clothes/lower/sakura lolita/full_gray.png",
    "img/clothes/lower/sakura lolita/tattered.png",
    "img/clothes/lower/sakura lolita/tattered_gray.png",
    "img/clothes/lower/sakura lolita/torn.png",
    "img/clothes/lower/sakura lolita/torn_gray.png",
    "img/clothes/lower/school uniform skirt/frayed.png",
    "img/clothes/lower/school uniform skirt/full.png",
    "img/clothes/lower/school uniform skirt/tattered.png",
    "img/clothes/lower/school uniform skirt/torn.png",
    "img/clothes/lower/sexuadon schoolshorts/frayed.png",
    "img/clothes/lower/sexuadon schoolshorts/frayed_gray.png",
    "img/clothes/lower/sexuadon schoolshorts/full.png",
    "img/clothes/lower/sexuadon schoolshorts/full_gray.png",
    "img/clothes/lower/sexuadon schoolshorts/tattered.png",
    "img/clothes/lower/sexuadon schoolshorts/tattered_gray.png",
    "img/clothes/lower/sexuadon schoolshorts/torn.png",
    "img/clothes/lower/sexuadon schoolshorts/torn_gray.png",
    "img/clothes/lower/sexuadon schoolskirt/frayed.png",
    "img/clothes/lower/sexuadon schoolskirt/frayed_gray.png",
    "img/clothes/lower/sexuadon schoolskirt/full.png",
    "img/clothes/lower/sexuadon schoolskirt/full_gray.png",
    "img/clothes/lower/sexuadon schoolskirt/tattered.png",
    "img/clothes/lower/sexuadon schoolskirt/tattered_gray.png",
    "img/clothes/lower/sexuadon schoolskirt/torn.png",
    "img/clothes/lower/sexuadon schoolskirt/torn_gray.png",
    "img/clothes/lower/sexuadon schoolskirtlong/frayed.png",
    "img/clothes/lower/sexuadon schoolskirtlong/frayed_gray.png",
    "img/clothes/lower/sexuadon schoolskirtlong/full.png",
    "img/clothes/lower/sexuadon schoolskirtlong/full_gray.png",
    "img/clothes/lower/sexuadon schoolskirtlong/tattered.png",
    "img/clothes/lower/sexuadon schoolskirtlong/tattered_gray.png",
    "img/clothes/lower/sexuadon schoolskirtlong/torn.png",
    "img/clothes/lower/sexuadon schoolskirtlong/torn_gray.png",
    "img/clothes/lower/sexuadon schoolskirtshort/frayed.png",
    "img/clothes/lower/sexuadon schoolskirtshort/frayed_gray.png",
    "img/clothes/lower/sexuadon schoolskirtshort/full.png",
    "img/clothes/lower/sexuadon schoolskirtshort/full_gray.png",
    "img/clothes/lower/sexuadon schoolskirtshort/tattered.png",
    "img/clothes/lower/sexuadon schoolskirtshort/tattered_gray.png",
    "img/clothes/lower/sexuadon schoolskirtshort/torn.png",
    "img/clothes/lower/sexuadon schoolskirtshort/torn_gray.png",
    "img/clothes/lower/sexuadon schooltrousers/frayed.png",
    "img/clothes/lower/sexuadon schooltrousers/frayed_gray.png",
    "img/clothes/lower/sexuadon schooltrousers/full.png",
    "img/clothes/lower/sexuadon schooltrousers/full_gray.png",
    "img/clothes/lower/sexuadon schooltrousers/SchoolTrousers.png",
    "img/clothes/lower/sexuadon schooltrousers/tattered.png",
    "img/clothes/lower/sexuadon schooltrousers/tattered_gray.png",
    "img/clothes/lower/sexuadon schooltrousers/torn.png",
    "img/clothes/lower/sexuadon schooltrousers/torn_gray.png",
    "img/clothes/lower/Shanghai style cheongsam/acc.png",
    "img/clothes/lower/Shanghai style cheongsam/frayed.png",
    "img/clothes/lower/Shanghai style cheongsam/frayed_gray.png",
    "img/clothes/lower/Shanghai style cheongsam/full.png",
    "img/clothes/lower/Shanghai style cheongsam/full_gray.png",
    "img/clothes/lower/Shanghai style cheongsam/tattered.png",
    "img/clothes/lower/Shanghai style cheongsam/tattered_gray.png",
    "img/clothes/lower/Shanghai style cheongsam/torn.png",
    "img/clothes/lower/Shanghai style cheongsam/torn_gray.png",
    "img/clothes/lower/Suit for Adventurer Bottom/frayed.png",
    "img/clothes/lower/Suit for Adventurer Bottom/full.png",
    "img/clothes/lower/Suit for Adventurer Bottom/tattered.png",
    "img/clothes/lower/Suit for Adventurer Bottom/torn.png",
    "img/clothes/lower/utahimeskirt/frayed.png",
    "img/clothes/lower/utahimeskirt/full.png",
    "img/clothes/lower/utahimeskirt/tattered.png",
    "img/clothes/lower/utahimeskirt/torn.png",
    "img/clothes/lower/verosika/frayed.png",
    "img/clothes/lower/verosika/frayed_gray.png",
    "img/clothes/lower/verosika/full.png",
    "img/clothes/lower/verosika/full_gray.png",
    "img/clothes/lower/verosika/tattered.png",
    "img/clothes/lower/verosika/tattered_gray.png",
    "img/clothes/lower/verosika/torn.png",
    "img/clothes/lower/verosika/torn_gray.png",
    "img/clothes/lower/Yungong Xunyin/acc.png",
    "img/clothes/lower/Yungong Xunyin/acc_gray.png",
    "img/clothes/lower/Yungong Xunyin/frayed.png",
    "img/clothes/lower/Yungong Xunyin/frayed_gray.png",
    "img/clothes/lower/Yungong Xunyin/full.png",
    "img/clothes/lower/Yungong Xunyin/full_gray.png",
    "img/clothes/lower/Yungong Xunyin/tattered.png",
    "img/clothes/lower/Yungong Xunyin/tattered_gray.png",
    "img/clothes/lower/Yungong Xunyin/torn.png",
    "img/clothes/lower/Yungong Xunyin/torn_gray.png",
    "img/clothes/lower/zhiyeliqun/back.png",
    "img/clothes/lower/zhiyeliqun/frayed.png",
    "img/clothes/lower/zhiyeliqun/full.png",
    "img/clothes/lower/zhiyeliqun/tattered.png",
    "img/clothes/lower/zhiyeliqun/torn.png",
    "img/clothes/neck/earphones/acc.png",
    "img/clothes/neck/earphones/acc_gray.png",
    "img/clothes/neck/earphones/full.png",
    "img/clothes/neck/horseshoependant/full.png",
    "img/clothes/neck/miniwraith/full(haunt).png",
    "img/clothes/neck/miniwraith/full.png",
    "img/clothes/neck/pearljewelry/full.png",
    "img/clothes/neck/stripedscarf/acc.png",
    "img/clothes/neck/stripedscarf/acc_gray.png",
    "img/clothes/neck/stripedscarf/full.png",
    "img/clothes/neck/sydney doll/acc.png",
    "img/clothes/neck/sydney doll/full.png",
    "img/clothes/neck/The Heart of the Ocean/full.png",
    "img/clothes/neck/The Heart of the Ocean/full_gray.png",
    "img/clothes/neck/utahimetie/full_gray.png",
    "img/clothes/old versions/bikinilower/frayed.png",
    "img/clothes/old versions/bikinilower/full.png",
    "img/clothes/old versions/bikinilower/tattered.png",
    "img/clothes/old versions/bikinilower/torn.png",
    "img/clothes/old versions/bikiniupper/frayed.png",
    "img/clothes/old versions/bikiniupper/full.png",
    "img/clothes/old versions/bikiniupper/tattered.png",
    "img/clothes/old versions/bikiniupper/torn.png",
    "img/clothes/old versions/briefs/frayed.png",
    "img/clothes/old versions/briefs/full.png",
    "img/clothes/old versions/briefs/tattered.png",
    "img/clothes/old versions/briefs/torn.png",
    "img/clothes/old versions/lacepanties/frayed.png",
    "img/clothes/old versions/lacepanties/full.png",
    "img/clothes/old versions/lacepanties/tattered.png",
    "img/clothes/old versions/lacepanties/torn.png",
    "img/clothes/old versions/patterns/heartupper.png",
    "img/clothes/old versions/plainpanties/frayed.png",
    "img/clothes/old versions/plainpanties/full.png",
    "img/clothes/old versions/plainpanties/tattered.png",
    "img/clothes/old versions/plainpanties/torn.png",
    "img/clothes/old versions/schoolshorts/frayed.png",
    "img/clothes/old versions/schoolshorts/full.png",
    "img/clothes/old versions/schoolshorts/tattered.png",
    "img/clothes/old versions/schoolshorts/torn.png",
    "img/clothes/old versions/schoolskirt/frayed.png",
    "img/clothes/old versions/schoolskirt/full.png",
    "img/clothes/old versions/schoolskirt/tattered.png",
    "img/clothes/old versions/schoolskirt/torn.png",
    "img/clothes/old versions/schoolswimsuitlower/frayed.png",
    "img/clothes/old versions/schoolswimsuitlower/full.png",
    "img/clothes/old versions/schoolswimsuitlower/tattered.png",
    "img/clothes/old versions/schoolswimsuitlower/torn.png",
    "img/clothes/old versions/schoolswimsuitupper/frayed.png",
    "img/clothes/old versions/schoolswimsuitupper/full.png",
    "img/clothes/old versions/schoolswimsuitupper/tattered.png",
    "img/clothes/old versions/schoolswimsuitupper/torn.png",
    "img/clothes/old versions/sundresslower/frayed.png",
    "img/clothes/old versions/sundresslower/full.png",
    "img/clothes/old versions/sundresslower/tattered.png",
    "img/clothes/old versions/sundresslower/torn.png",
    "img/clothes/old versions/sundressupper/sundress/frayed.png",
    "img/clothes/old versions/sundressupper/sundress/full.png",
    "img/clothes/old versions/sundressupper/sundress/tattered.png",
    "img/clothes/old versions/sundressupper/sundress/torn.png",
    "img/clothes/old versions/towellower/frayed.png",
    "img/clothes/old versions/towellower/full.png",
    "img/clothes/old versions/towellower/tattered.png",
    "img/clothes/old versions/towellower/torn.png",
    "img/clothes/over_head/schoolbag/acc.png",
    "img/clothes/over_head/schoolbag/full_gray.png",
    "img/clothes/over_lower/budingwaitao bottom/frayed.png",
    "img/clothes/over_lower/budingwaitao bottom/full.png",
    "img/clothes/over_lower/budingwaitao bottom/tattered.png",
    "img/clothes/over_lower/budingwaitao bottom/torn.png",
    "img/clothes/over_lower/verosika waitao/frayed.png",
    "img/clothes/over_lower/verosika waitao/frayed_gray.png",
    "img/clothes/over_lower/verosika waitao/full.png",
    "img/clothes/over_lower/verosika waitao/full_gray.png",
    "img/clothes/over_lower/verosika waitao/left.png",
    "img/clothes/over_lower/verosika waitao/left_gray.png",
    "img/clothes/over_lower/verosika waitao/right.png",
    "img/clothes/over_lower/verosika waitao/right_gray.png",
    "img/clothes/over_lower/verosika waitao/tattered.png",
    "img/clothes/over_lower/verosika waitao/tattered_gray.png",
    "img/clothes/over_lower/verosika waitao/torn.png",
    "img/clothes/over_lower/verosika waitao/torn_gray.png",
    "img/clothes/over_lower/zhiyedoupeng/back.png",
    "img/clothes/over_lower/zhiyedoupeng/full.png",
    "img/clothes/over_lower/zhiyedoupeng/mask.png",
    "img/clothes/over_upper/budingwaitao/frayed.png",
    "img/clothes/over_upper/budingwaitao/full.png",
    "img/clothes/over_upper/budingwaitao/tattered.png",
    "img/clothes/over_upper/budingwaitao/torn.png",
    "img/clothes/over_upper/fur jacket/acc.png",
    "img/clothes/over_upper/fur jacket/acc_gray.png",
    "img/clothes/over_upper/fur jacket/frayed_gray.png",
    "img/clothes/over_upper/fur jacket/full_gray.png",
    "img/clothes/over_upper/fur jacket/left_gray.png",
    "img/clothes/over_upper/fur jacket/right_gray.png",
    "img/clothes/over_upper/fur jacket/tatted_gray.png",
    "img/clothes/over_upper/fur jacket/torn_gray.png",
    "img/clothes/over_upper/heisewaida/frayed.png",
    "img/clothes/over_upper/heisewaida/full.png",
    "img/clothes/over_upper/heisewaida/left.png",
    "img/clothes/over_upper/heisewaida/left_cover.png",
    "img/clothes/over_upper/heisewaida/right.png",
    "img/clothes/over_upper/heisewaida/right_cover.png",
    "img/clothes/over_upper/heisewaida/tattered.png",
    "img/clothes/over_upper/heisewaida/torn.png",
    "img/clothes/over_upper/verosika waitao/frayed.png",
    "img/clothes/over_upper/verosika waitao/frayed_gray.png",
    "img/clothes/over_upper/verosika waitao/full.png",
    "img/clothes/over_upper/verosika waitao/full_gray.png",
    "img/clothes/over_upper/verosika waitao/left.png",
    "img/clothes/over_upper/verosika waitao/left_gray.png",
    "img/clothes/over_upper/verosika waitao/right.png",
    "img/clothes/over_upper/verosika waitao/right_gray.png",
    "img/clothes/over_upper/verosika waitao/tattered.png",
    "img/clothes/over_upper/verosika waitao/tattered_gray.png",
    "img/clothes/over_upper/verosika waitao/torn.png",
    "img/clothes/over_upper/verosika waitao/torn_gray.png",
    "img/clothes/over_upper/zhiyedoupeng/back.png",
    "img/clothes/over_upper/zhiyedoupeng/full.png",
    "img/clothes/over_upper/zhiyedoupeng/mask.png",
    "img/clothes/under_lower/fur jacket/frayed.png",
    "img/clothes/under_lower/fur jacket/full.png",
    "img/clothes/under_lower/fur jacket/tattered.png",
    "img/clothes/under_lower/fur jacket/torn.png",
    "img/clothes/under_lower/kelar doll/acc.png",
    "img/clothes/under_lower/kelar doll/acc_gray.png",
    "img/clothes/under_lower/kelar doll/frayed.png",
    "img/clothes/under_lower/kelar doll/frayed_gray.png",
    "img/clothes/under_lower/kelar doll/full.png",
    "img/clothes/under_lower/kelar doll/full_gray.png",
    "img/clothes/under_lower/kelar doll/tattered.png",
    "img/clothes/under_lower/kelar doll/tattered_gray.png",
    "img/clothes/under_lower/kelar doll/torn.png",
    "img/clothes/under_lower/kelar doll/torn_gray.png",
    "img/clothes/upper/acorn/frayed.png",
    "img/clothes/upper/acorn/full.png",
    "img/clothes/upper/acorn/left.png",
    "img/clothes/upper/acorn/left_cover.png",
    "img/clothes/upper/acorn/right.png",
    "img/clothes/upper/acorn/right_cover.png",
    "img/clothes/upper/acorn/tattered.png",
    "img/clothes/upper/acorn/torn.png",
    "img/clothes/upper/Alice'sdream/frayed.png",
    "img/clothes/upper/Alice'sdream/full.png",
    "img/clothes/upper/Alice'sdream/left.png",
    "img/clothes/upper/Alice'sdream/left_cover.png",
    "img/clothes/upper/Alice'sdream/right.png",
    "img/clothes/upper/Alice'sdream/right_cover.png",
    "img/clothes/upper/Alice'sdream/tattered.png",
    "img/clothes/upper/Alice'sdream/torn.png",
    "img/clothes/upper/ann_changye/acc.png",
    "img/clothes/upper/ann_changye/frayed.png",
    "img/clothes/upper/ann_changye/frayed_gray.png",
    "img/clothes/upper/ann_changye/full.png",
    "img/clothes/upper/ann_changye/full_gray.png",
    "img/clothes/upper/ann_changye/left.png",
    "img/clothes/upper/ann_changye/left_cover.png",
    "img/clothes/upper/ann_changye/left_cover_gray.png",
    "img/clothes/upper/ann_changye/left_gray.png",
    "img/clothes/upper/ann_changye/right.png",
    "img/clothes/upper/ann_changye/right_cover.png",
    "img/clothes/upper/ann_changye/right_cover_gray.png",
    "img/clothes/upper/ann_changye/right_gray.png",
    "img/clothes/upper/ann_changye/tattered.png",
    "img/clothes/upper/ann_changye/tattered_gray.png",
    "img/clothes/upper/ann_changye/torn.png",
    "img/clothes/upper/ann_changye/torn_gray.png",
    "img/clothes/upper/baijinxiaochou/frayed.png",
    "img/clothes/upper/baijinxiaochou/full.png",
    "img/clothes/upper/baijinxiaochou/tattered.png",
    "img/clothes/upper/baijinxiaochou/torn.png",
    "img/clothes/upper/BlackAndRedStripesSweater/frayed.png",
    "img/clothes/upper/BlackAndRedStripesSweater/full.png",
    "img/clothes/upper/BlackAndRedStripesSweater/left.png",
    "img/clothes/upper/BlackAndRedStripesSweater/left_cover.png",
    "img/clothes/upper/BlackAndRedStripesSweater/right.png",
    "img/clothes/upper/BlackAndRedStripesSweater/right_cover.png",
    "img/clothes/upper/BlackAndRedStripesSweater/tattered.png",
    "img/clothes/upper/BlackAndRedStripesSweater/torn.png",
    "img/clothes/upper/budingshangyi/frayed.png",
    "img/clothes/upper/budingshangyi/full.png",
    "img/clothes/upper/budingshangyi/left.png",
    "img/clothes/upper/budingshangyi/left_cover.png",
    "img/clothes/upper/budingshangyi/right.png",
    "img/clothes/upper/budingshangyi/right_cover.png",
    "img/clothes/upper/budingshangyi/tattered.png",
    "img/clothes/upper/budingshangyi/torn.png",
    "img/clothes/upper/butterflyballgown/0.png",
    "img/clothes/upper/butterflyballgown/0_gray.png",
    "img/clothes/upper/butterflyballgown/1.png",
    "img/clothes/upper/butterflyballgown/1_gray.png",
    "img/clothes/upper/butterflyballgown/2.png",
    "img/clothes/upper/butterflyballgown/2_gray.png",
    "img/clothes/upper/butterflyballgown/3.png",
    "img/clothes/upper/butterflyballgown/3_gray.png",
    "img/clothes/upper/butterflyballgown/4.png",
    "img/clothes/upper/butterflyballgown/4_gray.png",
    "img/clothes/upper/butterflyballgown/5.png",
    "img/clothes/upper/butterflyballgown/5_gray.png",
    "img/clothes/upper/butterflyballgown/frayed.png",
    "img/clothes/upper/butterflyballgown/frayed_gray.png",
    "img/clothes/upper/butterflyballgown/full.png",
    "img/clothes/upper/butterflyballgown/full_gray.png",
    "img/clothes/upper/butterflyballgown/tattered.png",
    "img/clothes/upper/butterflyballgown/tattered_gray.png",
    "img/clothes/upper/butterflyballgown/torn.png",
    "img/clothes/upper/butterflyballgown/torn_gray.png",
    "img/clothes/upper/cummerbundshirt/frayed.png",
    "img/clothes/upper/cummerbundshirt/full.png",
    "img/clothes/upper/cummerbundshirt/left.png",
    "img/clothes/upper/cummerbundshirt/left_cover.png",
    "img/clothes/upper/cummerbundshirt/right.png",
    "img/clothes/upper/cummerbundshirt/right_cover.png",
    "img/clothes/upper/cummerbundshirt/tattered.png",
    "img/clothes/upper/cummerbundshirt/torn.png",
    "img/clothes/upper/Daizi Elegant Rhyme/frayed.png",
    "img/clothes/upper/Daizi Elegant Rhyme/frayed_gray.png",
    "img/clothes/upper/Daizi Elegant Rhyme/full.png",
    "img/clothes/upper/Daizi Elegant Rhyme/full_gray.png",
    "img/clothes/upper/Daizi Elegant Rhyme/tattered.png",
    "img/clothes/upper/Daizi Elegant Rhyme/tattered_gray.png",
    "img/clothes/upper/Daizi Elegant Rhyme/torn.png",
    "img/clothes/upper/Daizi Elegant Rhyme/torn_gray.png",
    "img/clothes/upper/darktypevintagedress/frayed.png",
    "img/clothes/upper/darktypevintagedress/frayed_down.png",
    "img/clothes/upper/darktypevintagedress/full.png",
    "img/clothes/upper/darktypevintagedress/full_down.png",
    "img/clothes/upper/darktypevintagedress/left.png",
    "img/clothes/upper/darktypevintagedress/left_cover.png",
    "img/clothes/upper/darktypevintagedress/right.png",
    "img/clothes/upper/darktypevintagedress/right_cover.png",
    "img/clothes/upper/darktypevintagedress/tattered.png",
    "img/clothes/upper/darktypevintagedress/tattered_down.png",
    "img/clothes/upper/darktypevintagedress/torn.png",
    "img/clothes/upper/darktypevintagedress/torn_down.png",
    "img/clothes/upper/dileixi/frayed.png",
    "img/clothes/upper/dileixi/full.png",
    "img/clothes/upper/dileixi/left.png",
    "img/clothes/upper/dileixi/left_cover.png",
    "img/clothes/upper/dileixi/right.png",
    "img/clothes/upper/dileixi/right_cover.png",
    "img/clothes/upper/dileixi/tattered.png",
    "img/clothes/upper/dileixi/torn.png",
    "img/clothes/upper/dragonbreath/0.png",
    "img/clothes/upper/dragonbreath/0_acc.png",
    "img/clothes/upper/dragonbreath/1.png",
    "img/clothes/upper/dragonbreath/2.png",
    "img/clothes/upper/dragonbreath/2_acc.png",
    "img/clothes/upper/dragonbreath/3.png",
    "img/clothes/upper/dragonbreath/3_acc.png",
    "img/clothes/upper/dragonbreath/4.png",
    "img/clothes/upper/dragonbreath/4_acc.png",
    "img/clothes/upper/dragonbreath/5.png",
    "img/clothes/upper/dragonbreath/5_acc.png",
    "img/clothes/upper/dragonbreath/acc.png",
    "img/clothes/upper/dragonbreath/frayed.png",
    "img/clothes/upper/dragonbreath/frayed_gray.png",
    "img/clothes/upper/dragonbreath/full.png",
    "img/clothes/upper/dragonbreath/full_gray.png",
    "img/clothes/upper/dragonbreath/left.png",
    "img/clothes/upper/dragonbreath/left_cover.png",
    "img/clothes/upper/dragonbreath/left_gray.png",
    "img/clothes/upper/dragonbreath/right.png",
    "img/clothes/upper/dragonbreath/right_cover.png",
    "img/clothes/upper/dragonbreath/torn.png",
    "img/clothes/upper/dragonbreath/torn_gray.png",
    "img/clothes/upper/Elegant tuxedo/frayed.png",
    "img/clothes/upper/Elegant tuxedo/full.png",
    "img/clothes/upper/Elegant tuxedo/left.png",
    "img/clothes/upper/Elegant tuxedo/left_cover.png",
    "img/clothes/upper/Elegant tuxedo/right.png",
    "img/clothes/upper/Elegant tuxedo/right_cover.png",
    "img/clothes/upper/Elegant tuxedo/tattered.png",
    "img/clothes/upper/Elegant tuxedo/torn.png",
    "img/clothes/upper/furisode/0.png",
    "img/clothes/upper/furisode/0_gray.png",
    "img/clothes/upper/furisode/1.png",
    "img/clothes/upper/furisode/1_gray.png",
    "img/clothes/upper/furisode/2.png",
    "img/clothes/upper/furisode/2_gray.png",
    "img/clothes/upper/furisode/3.png",
    "img/clothes/upper/furisode/3_gray.png",
    "img/clothes/upper/furisode/4.png",
    "img/clothes/upper/furisode/4_gray.png",
    "img/clothes/upper/furisode/5.png",
    "img/clothes/upper/furisode/5_gray.png",
    "img/clothes/upper/furisode/frayed.png",
    "img/clothes/upper/furisode/frayed_gray.png",
    "img/clothes/upper/furisode/full.png",
    "img/clothes/upper/furisode/full_gray.png",
    "img/clothes/upper/furisode/left.png",
    "img/clothes/upper/furisode/left_cover.png",
    "img/clothes/upper/furisode/left_cover_gray.png",
    "img/clothes/upper/furisode/left_gray.png",
    "img/clothes/upper/furisode/right.png",
    "img/clothes/upper/furisode/right_cover.png",
    "img/clothes/upper/furisode/right_cover_gray.png",
    "img/clothes/upper/furisode/right_gray.png",
    "img/clothes/upper/furisode/tattered.png",
    "img/clothes/upper/furisode/tattered_gray.png",
    "img/clothes/upper/furisode/torn.png",
    "img/clothes/upper/furisode/torn_gray.png",
    "img/clothes/upper/Gothic short/acc_gray.png",
    "img/clothes/upper/Gothic short/frayed.png",
    "img/clothes/upper/Gothic short/full.png",
    "img/clothes/upper/Gothic short/left.png",
    "img/clothes/upper/Gothic short/right.png",
    "img/clothes/upper/Gothic short/tattered.png",
    "img/clothes/upper/Gothic short/torn.png",
    "img/clothes/upper/guitarsuit/acc_gray.png",
    "img/clothes/upper/guitarsuit/frayed.png",
    "img/clothes/upper/guitarsuit/full.png",
    "img/clothes/upper/guitarsuit/left.png",
    "img/clothes/upper/guitarsuit/left_acc_gray.png",
    "img/clothes/upper/guitarsuit/left_cover.png",
    "img/clothes/upper/guitarsuit/left_cover_acc_gray.png",
    "img/clothes/upper/guitarsuit/right.png",
    "img/clothes/upper/guitarsuit/right_acc_gray.png",
    "img/clothes/upper/guitarsuit/right_cover.png",
    "img/clothes/upper/guitarsuit/right_cover_acc_gray.png",
    "img/clothes/upper/guitarsuit/tattered.png",
    "img/clothes/upper/guitarsuit/torn.png",
    "img/clothes/upper/kela thoughts/acc_frayed.png",
    "img/clothes/upper/kela thoughts/acc_full.png",
    "img/clothes/upper/kela thoughts/acc_tattered.png",
    "img/clothes/upper/kela thoughts/acc_torn.png",
    "img/clothes/upper/kela thoughts/frayed.png",
    "img/clothes/upper/kela thoughts/frayed_gray.png",
    "img/clothes/upper/kela thoughts/full.png",
    "img/clothes/upper/kela thoughts/full_gray.png",
    "img/clothes/upper/kela thoughts/left.png",
    "img/clothes/upper/kela thoughts/left_cover.png",
    "img/clothes/upper/kela thoughts/left_cover_gray.png",
    "img/clothes/upper/kela thoughts/left_gray.png",
    "img/clothes/upper/kela thoughts/right.png",
    "img/clothes/upper/kela thoughts/right_cover.png",
    "img/clothes/upper/kela thoughts/right_cover_gray.png",
    "img/clothes/upper/kela thoughts/right_gray.png",
    "img/clothes/upper/kela thoughts/tattered.png",
    "img/clothes/upper/kela thoughts/tattered_gray.png",
    "img/clothes/upper/kela thoughts/torn.png",
    "img/clothes/upper/kela thoughts/torn_gray.png",
    "img/clothes/upper/lily/frayed.png",
    "img/clothes/upper/lily/full.png",
    "img/clothes/upper/lily/tattered.png",
    "img/clothes/upper/lily/torn.png",
    "img/clothes/upper/lime rose/frayed.png",
    "img/clothes/upper/lime rose/frayed_gray.png",
    "img/clothes/upper/lime rose/full.png",
    "img/clothes/upper/lime rose/full_gray.png",
    "img/clothes/upper/lime rose/tattered.png",
    "img/clothes/upper/lime rose/tattered_gray.png",
    "img/clothes/upper/lime rose/torn.png",
    "img/clothes/upper/lime rose/torn_gray.png",
    "img/clothes/upper/lime rose/alt/frayed.png",
    "img/clothes/upper/lime rose/alt/frayed_gray.png",
    "img/clothes/upper/lime rose/alt/full.png",
    "img/clothes/upper/lime rose/alt/full_gray.png",
    "img/clothes/upper/lime rose/alt/tattered.png",
    "img/clothes/upper/lime rose/alt/tattered_gray.png",
    "img/clothes/upper/lime rose/alt/torn.png",
    "img/clothes/upper/lime rose/alt/torn_gray.png",
    "img/clothes/upper/little demon/frayed.png",
    "img/clothes/upper/little demon/frayed_gray.png",
    "img/clothes/upper/little demon/full.png",
    "img/clothes/upper/little demon/full_gray.png",
    "img/clothes/upper/little demon/tattered.png",
    "img/clothes/upper/little demon/tattered_gray.png",
    "img/clothes/upper/little demon/torn.png",
    "img/clothes/upper/little demon/torn_gray.png",
    "img/clothes/upper/littleSlingCroptop/0.png",
    "img/clothes/upper/littleSlingCroptop/0_gray.png",
    "img/clothes/upper/littleSlingCroptop/1.png",
    "img/clothes/upper/littleSlingCroptop/1_gray.png",
    "img/clothes/upper/littleSlingCroptop/2.png",
    "img/clothes/upper/littleSlingCroptop/2_gray.png",
    "img/clothes/upper/littleSlingCroptop/3.png",
    "img/clothes/upper/littleSlingCroptop/3_gray.png",
    "img/clothes/upper/littleSlingCroptop/4.png",
    "img/clothes/upper/littleSlingCroptop/4_gray.png",
    "img/clothes/upper/littleSlingCroptop/5.png",
    "img/clothes/upper/littleSlingCroptop/5_gray.png",
    "img/clothes/upper/littleSlingCroptop/frayed.png",
    "img/clothes/upper/littleSlingCroptop/frayed_gray.png",
    "img/clothes/upper/littleSlingCroptop/full.png",
    "img/clothes/upper/littleSlingCroptop/full_gray.png",
    "img/clothes/upper/littleSlingCroptop/tattered.png",
    "img/clothes/upper/littleSlingCroptop/tattered_gray.png",
    "img/clothes/upper/littleSlingCroptop/torn.png",
    "img/clothes/upper/littleSlingCroptop/torn_gray.png",
    "img/clothes/upper/lolita maid/0.png",
    "img/clothes/upper/lolita maid/1.png",
    "img/clothes/upper/lolita maid/2.png",
    "img/clothes/upper/lolita maid/3.png",
    "img/clothes/upper/lolita maid/4.png",
    "img/clothes/upper/lolita maid/5.png",
    "img/clothes/upper/lolita maid/frayed.png",
    "img/clothes/upper/lolita maid/full.png",
    "img/clothes/upper/lolita maid/left.png",
    "img/clothes/upper/lolita maid/left_cover.png",
    "img/clothes/upper/lolita maid/right.png",
    "img/clothes/upper/lolita maid/right_cover.png",
    "img/clothes/upper/lolita maid/tattered.png",
    "img/clothes/upper/lolita maid/torn.png",
    "img/clothes/upper/merman/0.png",
    "img/clothes/upper/merman/0_gray.png",
    "img/clothes/upper/merman/1.png",
    "img/clothes/upper/merman/1_gray.png",
    "img/clothes/upper/merman/2.png",
    "img/clothes/upper/merman/2_gray.png",
    "img/clothes/upper/merman/3.png",
    "img/clothes/upper/merman/3_gray.png",
    "img/clothes/upper/merman/4.png",
    "img/clothes/upper/merman/4_gray.png",
    "img/clothes/upper/merman/5.png",
    "img/clothes/upper/merman/5_gray.png",
    "img/clothes/upper/merman/acc.png",
    "img/clothes/upper/merman/frayed.png",
    "img/clothes/upper/merman/frayed_gray.png",
    "img/clothes/upper/merman/full.png",
    "img/clothes/upper/merman/full_gray.png",
    "img/clothes/upper/merman/tattered.png",
    "img/clothes/upper/merman/tattered_gray.png",
    "img/clothes/upper/merman/torn.png",
    "img/clothes/upper/merman/torn_gray.png",
    "img/clothes/upper/Peach Heart/0.png",
    "img/clothes/upper/Peach Heart/0_gray.png",
    "img/clothes/upper/Peach Heart/1.png",
    "img/clothes/upper/Peach Heart/1_gray.png",
    "img/clothes/upper/Peach Heart/2.png",
    "img/clothes/upper/Peach Heart/2_gray.png",
    "img/clothes/upper/Peach Heart/3.png",
    "img/clothes/upper/Peach Heart/3_gray.png",
    "img/clothes/upper/Peach Heart/4.png",
    "img/clothes/upper/Peach Heart/4_gray.png",
    "img/clothes/upper/Peach Heart/5.png",
    "img/clothes/upper/Peach Heart/5_gray.png",
    "img/clothes/upper/Peach Heart/frayed.png",
    "img/clothes/upper/Peach Heart/frayed_gray.png",
    "img/clothes/upper/Peach Heart/full.png",
    "img/clothes/upper/Peach Heart/full_gray.png",
    "img/clothes/upper/Peach Heart/tattered.png",
    "img/clothes/upper/Peach Heart/tattered_gray.png",
    "img/clothes/upper/Peach Heart/torn.png",
    "img/clothes/upper/Peach Heart/torn_gray.png",
    "img/clothes/upper/philippino/0.png",
    "img/clothes/upper/philippino/0_gray.png",
    "img/clothes/upper/philippino/1.png",
    "img/clothes/upper/philippino/1_gray.png",
    "img/clothes/upper/philippino/2.png",
    "img/clothes/upper/philippino/2_gray.png",
    "img/clothes/upper/philippino/3.png",
    "img/clothes/upper/philippino/3_gray.png",
    "img/clothes/upper/philippino/4.png",
    "img/clothes/upper/philippino/4_gray.png",
    "img/clothes/upper/philippino/5.png",
    "img/clothes/upper/philippino/5_gray.png",
    "img/clothes/upper/philippino/acc.png",
    "img/clothes/upper/philippino/acc_gray.png",
    "img/clothes/upper/philippino/frayed.png",
    "img/clothes/upper/philippino/frayed_gray.png",
    "img/clothes/upper/philippino/full.png",
    "img/clothes/upper/philippino/full_gray.png",
    "img/clothes/upper/philippino/left.png",
    "img/clothes/upper/philippino/left_cover.png",
    "img/clothes/upper/philippino/left_cover_gray.png",
    "img/clothes/upper/philippino/left_gray.png",
    "img/clothes/upper/philippino/right.png",
    "img/clothes/upper/philippino/right_cover.png",
    "img/clothes/upper/philippino/right_cover_gray.png",
    "img/clothes/upper/philippino/right_gray.png",
    "img/clothes/upper/philippino/tattered.png",
    "img/clothes/upper/philippino/tattered_gray.png",
    "img/clothes/upper/philippino/torn.png",
    "img/clothes/upper/philippino/torn_gray.png",
    "img/clothes/upper/Queen_of_Hearts_Dress/frayed.png",
    "img/clothes/upper/Queen_of_Hearts_Dress/full.png",
    "img/clothes/upper/Queen_of_Hearts_Dress/left.png",
    "img/clothes/upper/Queen_of_Hearts_Dress/left_cover.png",
    "img/clothes/upper/Queen_of_Hearts_Dress/right.png",
    "img/clothes/upper/Queen_of_Hearts_Dress/right_cover.png",
    "img/clothes/upper/Queen_of_Hearts_Dress/tattered.png",
    "img/clothes/upper/Queen_of_Hearts_Dress/torn.png",
    "img/clothes/upper/rosie vow/0.png",
    "img/clothes/upper/rosie vow/1.png",
    "img/clothes/upper/rosie vow/2.png",
    "img/clothes/upper/rosie vow/3.png",
    "img/clothes/upper/rosie vow/4.png",
    "img/clothes/upper/rosie vow/5.png",
    "img/clothes/upper/rosie vow/frayed.png",
    "img/clothes/upper/rosie vow/full.png",
    "img/clothes/upper/rosie vow/left.png",
    "img/clothes/upper/rosie vow/left_cover.png",
    "img/clothes/upper/rosie vow/right.png",
    "img/clothes/upper/rosie vow/right_cover.png",
    "img/clothes/upper/rosie vow/tattered.png",
    "img/clothes/upper/rosie vow/torn.png",
    "img/clothes/upper/sakura lolita/acc.png",
    "img/clothes/upper/sakura lolita/frayed.png",
    "img/clothes/upper/sakura lolita/frayed_gray.png",
    "img/clothes/upper/sakura lolita/full.png",
    "img/clothes/upper/sakura lolita/full_gray.png",
    "img/clothes/upper/sakura lolita/tattered.png",
    "img/clothes/upper/sakura lolita/tattered_gray.png",
    "img/clothes/upper/sakura lolita/torn.png",
    "img/clothes/upper/sakura lolita/torn_gray.png",
    "img/clothes/upper/school uniform/frayed.png",
    "img/clothes/upper/school uniform/full.png",
    "img/clothes/upper/school uniform/left.png",
    "img/clothes/upper/school uniform/left_cover.png",
    "img/clothes/upper/school uniform/left_gray.png",
    "img/clothes/upper/school uniform/right.png",
    "img/clothes/upper/school uniform/right_cover.png",
    "img/clothes/upper/school uniform/tattered.png",
    "img/clothes/upper/school uniform/torn.png",
    "img/clothes/upper/sexuadon schoolshirt/0.png",
    "img/clothes/upper/sexuadon schoolshirt/0_gray.png",
    "img/clothes/upper/sexuadon schoolshirt/1.png",
    "img/clothes/upper/sexuadon schoolshirt/1_gray.png",
    "img/clothes/upper/sexuadon schoolshirt/2.png",
    "img/clothes/upper/sexuadon schoolshirt/2_gray.png",
    "img/clothes/upper/sexuadon schoolshirt/3.png",
    "img/clothes/upper/sexuadon schoolshirt/3_gray.png",
    "img/clothes/upper/sexuadon schoolshirt/4.png",
    "img/clothes/upper/sexuadon schoolshirt/4_gray.png",
    "img/clothes/upper/sexuadon schoolshirt/5.png",
    "img/clothes/upper/sexuadon schoolshirt/5_gray.png",
    "img/clothes/upper/sexuadon schoolshirt/acc.png",
    "img/clothes/upper/sexuadon schoolshirt/acc_gray.png",
    "img/clothes/upper/sexuadon schoolshirt/frayed.png",
    "img/clothes/upper/sexuadon schoolshirt/frayed_gray.png",
    "img/clothes/upper/sexuadon schoolshirt/full.png",
    "img/clothes/upper/sexuadon schoolshirt/full_gray.png",
    "img/clothes/upper/sexuadon schoolshirt/left.png",
    "img/clothes/upper/sexuadon schoolshirt/left_cover.png",
    "img/clothes/upper/sexuadon schoolshirt/left_cover_gray.png",
    "img/clothes/upper/sexuadon schoolshirt/left_gray.png",
    "img/clothes/upper/sexuadon schoolshirt/right.png",
    "img/clothes/upper/sexuadon schoolshirt/right_cover.png",
    "img/clothes/upper/sexuadon schoolshirt/right_cover_gray.png",
    "img/clothes/upper/sexuadon schoolshirt/right_gray.png",
    "img/clothes/upper/sexuadon schoolshirt/tattered.png",
    "img/clothes/upper/sexuadon schoolshirt/tattered_gray.png",
    "img/clothes/upper/sexuadon schoolshirt/torn.png",
    "img/clothes/upper/sexuadon schoolshirt/torn_gray.png",
    "img/clothes/upper/Shanghai style cheongsam/0.png",
    "img/clothes/upper/Shanghai style cheongsam/0_gray.png",
    "img/clothes/upper/Shanghai style cheongsam/1.png",
    "img/clothes/upper/Shanghai style cheongsam/1_gray.png",
    "img/clothes/upper/Shanghai style cheongsam/2.png",
    "img/clothes/upper/Shanghai style cheongsam/2_gray.png",
    "img/clothes/upper/Shanghai style cheongsam/3.png",
    "img/clothes/upper/Shanghai style cheongsam/3_gray.png",
    "img/clothes/upper/Shanghai style cheongsam/4.png",
    "img/clothes/upper/Shanghai style cheongsam/4_gray.png",
    "img/clothes/upper/Shanghai style cheongsam/5.png",
    "img/clothes/upper/Shanghai style cheongsam/5_gray.png",
    "img/clothes/upper/Shanghai style cheongsam/acc.png",
    "img/clothes/upper/Shanghai style cheongsam/frayed.png",
    "img/clothes/upper/Shanghai style cheongsam/frayed_gray.png",
    "img/clothes/upper/Shanghai style cheongsam/full.png",
    "img/clothes/upper/Shanghai style cheongsam/full_gray.png",
    "img/clothes/upper/Shanghai style cheongsam/left.png",
    "img/clothes/upper/Shanghai style cheongsam/left_cover.png",
    "img/clothes/upper/Shanghai style cheongsam/left_cover_gray.png",
    "img/clothes/upper/Shanghai style cheongsam/left_gray.png",
    "img/clothes/upper/Shanghai style cheongsam/right.png",
    "img/clothes/upper/Shanghai style cheongsam/right_cover.png",
    "img/clothes/upper/Shanghai style cheongsam/right_cover_gray.png",
    "img/clothes/upper/Shanghai style cheongsam/right_gray.png",
    "img/clothes/upper/Shanghai style cheongsam/tattered.png",
    "img/clothes/upper/Shanghai style cheongsam/tattered_gray.png",
    "img/clothes/upper/Shanghai style cheongsam/torn.png",
    "img/clothes/upper/Shanghai style cheongsam/torn_gray.png",
    "img/clothes/upper/shortsweats/frayed.png",
    "img/clothes/upper/shortsweats/full.png",
    "img/clothes/upper/shortsweats/left.png",
    "img/clothes/upper/shortsweats/left_cover.png",
    "img/clothes/upper/shortsweats/right.png",
    "img/clothes/upper/shortsweats/right_cover.png",
    "img/clothes/upper/shortsweats/tattered.png",
    "img/clothes/upper/shortsweats/torn.png",
    "img/clothes/upper/Suit for Adventurer/frayed.png",
    "img/clothes/upper/Suit for Adventurer/full.png",
    "img/clothes/upper/Suit for Adventurer/left.png",
    "img/clothes/upper/Suit for Adventurer/left_cover.png",
    "img/clothes/upper/Suit for Adventurer/left_gray.png",
    "img/clothes/upper/Suit for Adventurer/right.png",
    "img/clothes/upper/Suit for Adventurer/right_cover.png",
    "img/clothes/upper/Suit for Adventurer/tattered.png",
    "img/clothes/upper/Suit for Adventurer/torn.png",
    "img/clothes/upper/Supergamersuit/0.png",
    "img/clothes/upper/Supergamersuit/1.png",
    "img/clothes/upper/Supergamersuit/2.png",
    "img/clothes/upper/Supergamersuit/3.png",
    "img/clothes/upper/Supergamersuit/4.png",
    "img/clothes/upper/Supergamersuit/5.png",
    "img/clothes/upper/Supergamersuit/acc.png",
    "img/clothes/upper/Supergamersuit/acc_down.png",
    "img/clothes/upper/Supergamersuit/frayed.png",
    "img/clothes/upper/Supergamersuit/frayed_down.png",
    "img/clothes/upper/Supergamersuit/full.png",
    "img/clothes/upper/Supergamersuit/full_down.png",
    "img/clothes/upper/Supergamersuit/left.png",
    "img/clothes/upper/Supergamersuit/left_cover.png",
    "img/clothes/upper/Supergamersuit/left_gray.png",
    "img/clothes/upper/Supergamersuit/right.png",
    "img/clothes/upper/Supergamersuit/right_cover.png",
    "img/clothes/upper/Supergamersuit/tattered.png",
    "img/clothes/upper/Supergamersuit/tattered_down.png",
    "img/clothes/upper/Supergamersuit/torn.png",
    "img/clothes/upper/Supergamersuit/torn_down.png",
    "img/clothes/upper/sweatershort/frayed.png",
    "img/clothes/upper/sweatershort/full.png",
    "img/clothes/upper/sweatershort/left.png",
    "img/clothes/upper/sweatershort/left_cover.png",
    "img/clothes/upper/sweatershort/right.png",
    "img/clothes/upper/sweatershort/right_cover.png",
    "img/clothes/upper/sweatershort/tattered.png",
    "img/clothes/upper/sweatershort/torn.png",
    "img/clothes/upper/Sweetsnowsuit/acc.png",
    "img/clothes/upper/Sweetsnowsuit/frayed.png",
    "img/clothes/upper/Sweetsnowsuit/full.png",
    "img/clothes/upper/Sweetsnowsuit/left.png",
    "img/clothes/upper/Sweetsnowsuit/left_cover.png",
    "img/clothes/upper/Sweetsnowsuit/left_gray.png",
    "img/clothes/upper/Sweetsnowsuit/right.png",
    "img/clothes/upper/Sweetsnowsuit/right_cover.png",
    "img/clothes/upper/Sweetsnowsuit/right_gray.png",
    "img/clothes/upper/Sweetsnowsuit/tattered.png",
    "img/clothes/upper/Sweetsnowsuit/torn.png",
    "img/clothes/upper/utahimeshirt/frayed.png",
    "img/clothes/upper/utahimeshirt/full.png",
    "img/clothes/upper/utahimeshirt/tattered.png",
    "img/clothes/upper/utahimeshirt/torn.png",
    "img/clothes/upper/verosika/frayed.png",
    "img/clothes/upper/verosika/frayed_gray.png",
    "img/clothes/upper/verosika/full.png",
    "img/clothes/upper/verosika/full_gray.png",
    "img/clothes/upper/verosika/tattered.png",
    "img/clothes/upper/verosika/tattered_gray.png",
    "img/clothes/upper/verosika/torn.png",
    "img/clothes/upper/verosika/torn_gray.png",
    "img/clothes/upper/Yungong Xunyin/acc.png",
    "img/clothes/upper/Yungong Xunyin/acc_gray.png",
    "img/clothes/upper/Yungong Xunyin/frayed.png",
    "img/clothes/upper/Yungong Xunyin/frayed_gray.png",
    "img/clothes/upper/Yungong Xunyin/full.png",
    "img/clothes/upper/Yungong Xunyin/full_gray.png",
    "img/clothes/upper/Yungong Xunyin/left.png",
    "img/clothes/upper/Yungong Xunyin/left_cover.png",
    "img/clothes/upper/Yungong Xunyin/left_cover_gray.png",
    "img/clothes/upper/Yungong Xunyin/left_gray.png",
    "img/clothes/upper/Yungong Xunyin/right.png",
    "img/clothes/upper/Yungong Xunyin/right_cover.png",
    "img/clothes/upper/Yungong Xunyin/right_cover_gray.png",
    "img/clothes/upper/Yungong Xunyin/right_gray.png",
    "img/clothes/upper/Yungong Xunyin/tattered.png",
    "img/clothes/upper/Yungong Xunyin/tattered_gray.png",
    "img/clothes/upper/Yungong Xunyin/torn.png",
    "img/clothes/upper/Yungong Xunyin/torn_gray.png",
    "img/clothes/upper/zhiyeliqun/0.png",
    "img/clothes/upper/zhiyeliqun/1.png",
    "img/clothes/upper/zhiyeliqun/2.png",
    "img/clothes/upper/zhiyeliqun/3.png",
    "img/clothes/upper/zhiyeliqun/4.png",
    "img/clothes/upper/zhiyeliqun/5.png",
    "img/clothes/upper/zhiyeliqun/frayed.png",
    "img/clothes/upper/zhiyeliqun/full.png",
    "img/clothes/upper/zhiyeliqun/tattered.png",
    "img/clothes/upper/zhiyeliqun/torn.png",
    "img/misc/icon/clothes/acorn.png",
    "img/misc/icon/clothes/acorn_hat.png",
    "img/misc/icon/clothes/acorn_shoes.png",
    "img/misc/icon/clothes/Adventurer_Hat.png",
    "img/misc/icon/clothes/Adventurer_Shoes.png",
    "img/misc/icon/clothes/Alice's_dream.png",
    "img/misc/icon/clothes/Alice's_dream_bow.png",
    "img/misc/icon/clothes/Alice's_dream_shoes.png",
    "img/misc/icon/clothes/ann_ann.png",
    "img/misc/icon/clothes/ann_changye.png",
    "img/misc/icon/clothes/ann_dawn.png",
    "img/misc/icon/clothes/ann_jiangming.png",
    "img/misc/icon/clothes/baijinxiaochou.png",
    "img/misc/icon/clothes/benubmaozi.png",
    "img/misc/icon/clothes/BlackAndRedStripesSweater.png",
    "img/misc/icon/clothes/budingmao.png",
    "img/misc/icon/clothes/budingshangyi.png",
    "img/misc/icon/clothes/budingwaitao.png",
    "img/misc/icon/clothes/budingxie.png",
    "img/misc/icon/clothes/butterflyballgown.png",
    "img/misc/icon/clothes/butterfly_heels.png",
    "img/misc/icon/clothes/cargopants.png",
    "img/misc/icon/clothes/cream.png",
    "img/misc/icon/clothes/cummerbundshirt.png",
    "img/misc/icon/clothes/cyber_eye.png",
    "img/misc/icon/clothes/Daizi_Elegant_Rhyme.png",
    "img/misc/icon/clothes/danpian.png",
    "img/misc/icon/clothes/dark_type_copper_earrings.png",
    "img/misc/icon/clothes/dark_type_hat.png",
    "img/misc/icon/clothes/dark_type_vintage_dress.png",
    "img/misc/icon/clothes/dileixi.png",
    "img/misc/icon/clothes/dragonbreath veil.png",
    "img/misc/icon/clothes/dragonbreath.png",
    "img/misc/icon/clothes/duiduiwa.png",
    "img/misc/icon/clothes/earphones.png",
    "img/misc/icon/clothes/Elegant_tuxedo.png",
    "img/misc/icon/clothes/Elegant_tuxedotrousers.png",
    "img/misc/icon/clothes/froggy.png",
    "img/misc/icon/clothes/fur jacket.png",
    "img/misc/icon/clothes/furisode.png",
    "img/misc/icon/clothes/goggles.png",
    "img/misc/icon/clothes/Gothic boots.png",
    "img/misc/icon/clothes/Gothic pumpkin.png",
    "img/misc/icon/clothes/Gothic short.png",
    "img/misc/icon/clothes/guitarsuit.png",
    "img/misc/icon/clothes/heisewaida.png",
    "img/misc/icon/clothes/ivorywraith.png",
    "img/misc/icon/clothes/jinsedanbianyanjing.png",
    "img/misc/icon/clothes/kaqijialiangjian.png",
    "img/misc/icon/clothes/kelar_doll.png",
    "img/misc/icon/clothes/kela_thoughts.png",
    "img/misc/icon/clothes/knitcap.png",
    "img/misc/icon/clothes/Lilith.png",
    "img/misc/icon/clothes/lime_rose.png",
    "img/misc/icon/clothes/littleSlingCroptop.png",
    "img/misc/icon/clothes/little_demon.png",
    "img/misc/icon/clothes/lolita_maid.png",
    "img/misc/icon/clothes/merman.png",
    "img/misc/icon/clothes/miniwraith.png",
    "img/misc/icon/clothes/niuzaibeidaiku.png",
    "img/misc/icon/clothes/Peach_Heart.png",
    "img/misc/icon/clothes/pearl_jewelry.png",
    "img/misc/icon/clothes/philippino.png",
    "img/misc/icon/clothes/pixue.png",
    "img/misc/icon/clothes/pjs mask.png",
    "img/misc/icon/clothes/Queen_of_Hearts_Dress.png",
    "img/misc/icon/clothes/rosie_vow.png",
    "img/misc/icon/clothes/sakura_lolita.png",
    "img/misc/icon/clothes/satin_gloves.png",
    "img/misc/icon/clothes/schoolbag.png",
    "img/misc/icon/clothes/school_uniform.png",
    "img/misc/icon/clothes/school_uniform_shoes.png",
    "img/misc/icon/clothes/sexuadon_schoolshirt.png",
    "img/misc/icon/clothes/sexuadon_schoolshorts.png",
    "img/misc/icon/clothes/sexuadon_schoolskirt.png",
    "img/misc/icon/clothes/sexuadon_schoolskirtlong.png",
    "img/misc/icon/clothes/sexuadon_schoolskirtshort.png",
    "img/misc/icon/clothes/sexuadon_schooltrousers.png",
    "img/misc/icon/clothes/Shanghai_style_cheongsam.png",
    "img/misc/icon/clothes/shortsweats.png",
    "img/misc/icon/clothes/stripedscarf.png",
    "img/misc/icon/clothes/Suit_for_Adventurer.png",
    "img/misc/icon/clothes/Supergamersuit-head.png",
    "img/misc/icon/clothes/Supergamersuit-upper.png",
    "img/misc/icon/clothes/sweatershort.png",
    "img/misc/icon/clothes/Sweetsnowheaddress.png",
    "img/misc/icon/clothes/Sweetsnowsuit.png",
    "img/misc/icon/clothes/sydney_doll.png",
    "img/misc/icon/clothes/utahime_boots.png",
    "img/misc/icon/clothes/utahime_shirt.png",
    "img/misc/icon/clothes/utahime_skirt.png",
    "img/misc/icon/clothes/utahime_sleeves.png",
    "img/misc/icon/clothes/utahime_tie.png",
    "img/misc/icon/clothes/verosika jiao.png",
    "img/misc/icon/clothes/verosika mojing.png",
    "img/misc/icon/clothes/verosika shoutao.png",
    "img/misc/icon/clothes/verosika waitao.png",
    "img/misc/icon/clothes/verosika xue.png",
    "img/misc/icon/clothes/verosika.png",
    "img/misc/icon/clothes/vintagegoggles.png",
    "img/misc/icon/clothes/whitney_plushie.png",
    "img/misc/icon/clothes/wide-brimmed_hat.png",
    "img/misc/icon/clothes/wide-brimmed_hat_acc.png",
    "img/misc/icon/clothes/Yungong_Xunyin.png",
    "img/misc/icon/clothes/zhiyechangzhang.png",
    "img/misc/icon/clothes/zhiyeliqun.png",
    "img/misc/icon/clothes/zhiyepifeng.png",
    "img/misc/icon/clothes/zhiye_heels.png",
    "img/misc/icon/clothes/zhiye_stockings.png"
  ],
  "addonPlugin": [
    {
      "modName": "ModdedClothesAddon",
      "addonName": "ModdedClothesAddon",
      "modVersion": "^1.1.0",
      "params": {
        "clothes": [
          {
            "key": "face",
            "filePath": "clothes/face.json"
          },
          {
            "key": "feet",
            "filePath": "clothes/feet.json"
          },
          {
            "key": "genitals",
            "filePath": "clothes/genitals.json"
          },
          {
            "key": "hands",
            "filePath": "clothes/hands.json"
          },
          {
            "key": "head",
            "filePath": "clothes/head.json"
          },
          {
            "key": "legs",
            "filePath": "clothes/legs.json"
          },
          {
            "key": "neck",
            "filePath": "clothes/neck.json"
          },
          {
            "key": "upper",
            "filePath": "clothes/upper.json"
          },
          {
            "key": "lower",
            "filePath": "clothes/lower.json"
          },
          {
            "key": "under_upper",
            "filePath": "clothes/under_upper.json"
          },
          {
            "key": "under_lower",
            "filePath": "clothes/under_lower.json"
          },
          {
            "key": "over_upper",
            "filePath": "clothes/over_upper.json"
          },
          {
            "key": "over_lower",
            "filePath": "clothes/over_lower.json"
          },
          {
            "key": "over_head",
            "filePath": "clothes/over_head.json"
          }
        ]
      }
    },
    {
      "modName": "ModLoader DoL ImageLoaderHook",
      "addonName": "ImageLoaderAddon",
      "modVersion": "^2.3.0",
      "params": []
    }
  ],
  "dependenceInfo": [
    {
      "modName": "ModdedClothesAddon",
      "version": "^1.1.0"
    },
    {
      "modName": "ModLoader DoL ImageLoaderHook",
      "version": "^2.3.0"
    }
  ]
}